step	seconds	mean_loss	errors	targets	exact_sentences	sentences
0	1.4042	10.8194	10002	10002	0	1024
128	10.0783	8.28496	8908	10002	0	1024
256	18.5459	6.23302	8083	10002	0	1024
384	27.0061	5.83926	7959	10002	1	1024
512	35.4698	5.51737	7612	10002	1	1024
640	43.9275	5.26976	7495	10002	1	1024
768	52.4234	5.05637	7358	10002	1	1024
896	60.9014	4.85029	7164	10002	1	1024
1024	69.346	4.65078	6982	10002	1	1024
1152	77.7927	4.46232	6816	10002	1	1024
1280	86.2317	4.27614	6581	10002	1	1024
1408	94.7052	4.09657	6412	10002	1	1024
1536	103.172	3.9333	6210	10002	1	1024
1664	111.638	3.7733	6081	10002	1	1024
1792	120.099	3.62208	5892	10002	1	1024
1920	128.561	3.47736	5738	10002	2	1024
2048	137.02	3.35683	5492	10002	2	1024
2176	145.486	3.22061	5349	10002	2	1024
2304	153.931	3.1031	5031	10002	4	1024
2432	162.383	2.97868	4943	10002	3	1024
2560	170.838	2.86824	4682	10002	6	1024
2688	179.304	2.7769	4559	10002	6	1024
2816	187.76	2.68252	4363	10002	5	1024
2944	196.193	2.59521	4199	10002	6	1024
3072	204.673	2.51206	3987	10002	7	1024
3200	213.145	2.43899	3851	10002	9	1024
3328	221.607	2.3735	3684	10002	8	1024
3456	230.063	2.31224	3668	10002	8	1024
3584	238.519	2.25594	3532	10002	13	1024
3712	246.972	2.20585	3427	10002	14	1024
3840	255.428	2.16234	3340	10002	19	1024
3968	263.899	2.11879	3293	10002	21	1024
4096	272.358	2.0825	3179	10002	25	1024
4224	280.846	2.04971	3149	10002	25	1024
4352	289.312	2.02257	3072	10002	24	1024
4480	297.788	1.99512	3048	10002	30	1024
4608	306.24	1.9706	2988	10002	29	1024
4736	314.728	1.94976	2969	10002	29	1024
4864	323.212	1.92978	2916	10002	35	1024
4992	331.677	1.9095	2889	10002	36	1024
5000	333.52	1.90886	2884	10002	35	1024
5000	334.918	1.90886	2884	10002	35	1024
